{
    "Agent": {
        "total": 0.01754968599198037
    },
    "Env": {
        "apply_act": 0.2244160890186322,
        "observation_computation": 0.15153274605472689,
        "powerflow_computation": 0.07994551004594541,
        "total": 0.4558943451193045
    },
    "total": 0.815528662998986
}